titer (wt%),annual cost of separation ($/kg)
0.009878641,0.334727273
0.019951456,0.184545455
0.030024272,0.133636364
0.039975728,0.108181818
0.050048544,0.090363636
0.060121359,0.078909091
